bulacan_fh100yr_30m_10m,egmarin
bulacan_fh25yr_30m_10m,egmarin
bulacan_fh5yr_30m_10m,egmarin
cabiao_fh25yr_30m_10m,egmarin
cagayan_de_oro_city_fh25yr_10m_1,psbutaslac
hagonoy_fh100yr_30m_10m,egmarin
hagonoy_fh25yr_30m_10m,egmarin
hagonoy_fh5yr_30m_10m,egmarin
kalookan_city_fh100yr_30m_10m,egmarin
kalookan_city_fh25yr_30m_10m,egmarin
kalookan_city_fh5yr_30m_10m,egmarin
mandaon_fh5yr_10m_1,geoadmin
mandaon_fh5yr_10m_2,geoadmin
mandaon_fh5yr_10m_3,geoadmin
mandaon_fh5yr_10m_4,geoadmin
marilao_fh100yr_30m_10m,egmarin
marilao_fh25yr_30m_10m,egmarin
marilao_fh5yr_30m_10m,egmarin
meycauayan_city_fh100yr_30m_10m,egmarin
meycauayan_city_fh25yr_30m_10m,egmarin
meycauayan_city_fh5yr_30m_10m,egmarin
obando_fh100yr_30m_10m,egmarin
obando_fh25yr_30m_10m,egmarin
obando_fh5yr_30m_10m,egmarin
pulilan_fh100yr_30m_10m,egmarin
quezon_city_fh100yr_30m_10m,egmarin
quezon_city_fh25yr_30m_10m,egmarin
quezon_city_fh5yr_30m_10m,egmarin
san_fernando_city_fh100yr_30m_10m,egmarin
san_fernando_city_fh25yr_30m_10m,egmarin
san_fernando_city_fh5yr_30m_10m,egmarin
san_ildefonso_fh100yr_30m_10m,egmarin
san_ildefonso_fh25yr_30m_10m,egmarin
san_ildefonso_fh5yr_30m_10m,egmarin
san_jose_del_monte_city_fh100yr_30m_10m,egmarin
san_jose_del_monte_city_fh25yr_30m_10m,egmarin
san_jose_del_monte_city_fh5yr_30m_10m,egmarin
san_luis_fh100yr_30m_10m,egmarin
san_miguel_fh100yr_30m_10m,egmarin
san_rafael_fh100yr_30m_10m,egmarin
san_rafael_fh25yr_30m_10m,egmarin
san_rafael_fh5yr_30m_10m,egmarin
san_simon_fh100yr_30m_10m,egmarin
santa_ana_fh100yr_30m_10m,egmarin
santa_rita_fh100yr_30m_10m,egmarin
santa_rita_fh25yr_30m_10m,egmarin
santa_rita_fh5yr_30m_10m,egmarin
sasmuan_fh100yr_30m_10m,egmarin
subic_fh100yr_30m_10m,egmarin
subic_fh25yr_30m_10m,egmarin
subic_fh5yr_30m_10m,egmarin
valenzuela_fh100yr_30m_10m,egmarin
valenzuela_fh25yr_30m_10m,egmarin
valenzuela_fh5yr_30m_10m,egmarin
