layer_name,owner/uploader
bacolor_fh100yr_30m_10m,egmarin
bulacan_fh100yr_30m_10m,egmarin
valenzuela_fh100yr_30m_10m,egmarin
mexico_fh100yr_30m_10m,egmarin
apalit_fh100yr_30m_10m,egmarin
kalookan_city_fh100yr_30m_10m,egmarin
mandaon_fh5yr_10m,geoadmin
mandaon_fh5yr_10m_1,geoadmin
mandaon_fh5yr_10m_2,geoadmin
mandaon_fh5yr_10m_3,geoadmin
mandaon_fh5yr_10m_4,geoadmin
san_simon_fh100yr_30m_10m,egmarin
santo_tomas_fh100yr_30m_10m_1,egmarin
santa_ana_fh100yr_30m_10m,egmarin
bustos_fh100yr_30m_10m,egmarin
sasmuan_fh100yr_30m_10m,egmarin
santa_maria_fh100yr_30m_10m_1,egmarin
angat_fh100yr_30m_10m,egmarin
subic_fh100yr_30m_10m,egmarin
santa_rita_fh100yr_30m_10m,egmarin
hermosa_fh25yr_30m_10m,egmarin
angeles_city_fh100yr_30m_10m,egmarin
kalookan_city_fh25yr_30m_10m,egmarin
lubao_fh100yr_30m_10m,egmarin
angat_fh25yr_30m_10m,egmarin
arayat_fh100yr_30m_10m,egmarin
mabalacat_fh100yr_30m_10m,egmarin
angeles_city_fh25yr_30m_10m,egmarin
apalit_fh25yr_30m_10m,egmarin
macabebe_fh100yr_30m_10m,egmarin
balagtas_fh100yr_30m_10m,egmarin
arayat_fh25yr_30m_10m,egmarin
baliuag_fh100yr_30m_10m,egmarin
malolos_city_fh100yr_30m_10m,egmarin
bacolor_fh25yr_30m_10m,egmarin
bocaue_fh100yr_30m_10m,egmarin
marilao_fh100yr_30m_10m,egmarin
balagtas_fh25yr_30m_10m,egmarin
hagonoy_fh100yr_30m_10m,egmarin
masantol_fh100yr_30m_10m,egmarin
baliuag_fh25yr_30m_10m,egmarin
hermosa_fh100yr_30m_10m,egmarin
bocaue_fh25yr_30m_10m,egmarin
meycauayan_city_fh100yr_30m_10m,egmarin
bulacan_fh25yr_30m_10m,egmarin
cabiao_fh100yr_30m_10m,egmarin
minalin_fh100yr_30m_10m,egmarin
bustos_fh25yr_30m_10m,egmarin
calumpit_fh100yr_30m_10m,egmarin
norzagaray_fh100yr_30m_10m,egmarin
cabiao_fh25yr_30m_10m,egmarin
candaba_fh100yr_30m_10m,egmarin
obando_fh100yr_30m_10m,egmarin
calumpit_fh25yr_30m_10m,egmarin
dinalupihan_fh100yr_30m_10m,egmarin
olongapo_city_fh100yr_30m_10m,egmarin
candaba_fh25yr_30m_10m,egmarin
orani_fh100yr_30m_10m,egmarin
floridablanca_fh100yr_30m_10m,egmarin
dinalupihan_fh25yr_30m_10m,egmarin
guagua_fh100yr_30m_10m,egmarin
pandi_fh100yr_30m_10m,egmarin
floridablanca_fh25yr_30m_10m,egmarin
paombong_fh100yr_30m_10m,egmarin
guiguinto_fh100yr_30m_10m,egmarin
guagua_fh25yr_30m_10m,egmarin
plaridel_fh100yr_30m_10m,egmarin
guiguinto_fh25yr_30m_10m,egmarin
porac_fh100yr_30m_10m,egmarin
hagonoy_fh25yr_30m_10m,egmarin
pulilan_fh100yr_30m_10m,egmarin
santa_rita_fh25yr_30m_10m,egmarin
quezon_city_fh100yr_30m_10m,egmarin
santo_tomas_fh25yr_30m_10m_1,egmarin
san_fernando_city_fh100yr_30m_10m,egmarin
sasmuan_fh25yr_30m_10m,egmarin
san_ildefonso_fh100yr_30m_10m,egmarin
subic_fh25yr_30m_10m,egmarin
san_jose_del_monte_city_fh100yr_30m_10m,egmarin
valenzuela_fh25yr_30m_10m,egmarin
san_luis_fh100yr_30m_10m,egmarin
lubao_fh25yr_30m_10m,egmarin
san_miguel_fh100yr_30m_10m,egmarin
mabalacat_fh25yr_30m_10m,egmarin
san_rafael_fh100yr_30m_10m,egmarin
macabebe_fh25yr_30m_10m,egmarin
malolos_city_fh25yr_30m_10m,egmarin
marilao_fh25yr_30m_10m,egmarin
masantol_fh25yr_30m_10m,egmarin
mexico_fh25yr_30m_10m,egmarin
meycauayan_city_fh25yr_30m_10m,egmarin
minalin_fh25yr_30m_10m,egmarin
norzagaray_fh25yr_30m_10m,egmarin
obando_fh25yr_30m_10m,egmarin
olongapo_city_fh25yr_30m_10m,egmarin
cagayan_de_oro_city_fh25yr_10m_1,psbutaslac
orani_fh25yr_30m_10m,egmarin
pandi_fh25yr_30m_10m,egmarin
paombong_fh25yr_30m_10m,egmarin
plaridel_fh25yr_30m_10m,egmarin
porac_fh25yr_30m_10m,egmarin
pulilan_fh25yr_30m_10m,egmarin
quezon_city_fh25yr_30m_10m,egmarin
san_fernando_city_fh25yr_30m_10m,egmarin
san_ildefonso_fh25yr_30m_10m,egmarin
san_jose_del_monte_city_fh25yr_30m_10m,egmarin
san_luis_fh25yr_30m_10m,egmarin
san_miguel_fh25yr_30m_10m,egmarin
san_rafael_fh25yr_30m_10m,egmarin
san_simon_fh25yr_30m_10m,egmarin
santa_ana_fh25yr_30m_10m,egmarin
santa_maria_fh25yr_30m_10m_1,egmarin
lubao_fh5yr_30m_10m,egmarin
angat_fh5yr_30m_10m,egmarin
angeles_city_fh5yr_30m_10m,egmarin
apalit_fh5yr_30m_10m,egmarin
arayat_fh5yr_30m_10m,egmarin
bacolor_fh5yr_30m_10m,egmarin
balagtas_fh5yr_30m_10m,egmarin
baliuag_fh5yr_30m_10m,egmarin
bocaue_fh5yr_30m_10m,egmarin
bulacan_fh5yr_30m_10m,egmarin
bustos_fh5yr_30m_10m,egmarin
cabiao_fh5yr_30m_10m,egmarin
calumpit_fh5yr_30m_10m,egmarin
candaba_fh5yr_30m_10m,egmarin
dinalupihan_fh5yr_30m_10m,egmarin
floridablanca_fh5yr_30m_10m,egmarin
guagua_fh5yr_30m_10m,egmarin
guiguinto_fh5yr_30m_10m,egmarin
hagonoy_fh5yr_30m_10m,egmarin
hermosa_fh5yr_30m_10m,egmarin
kalookan_city_fh5yr_30m_10m,egmarin
subic_fh5yr_30m_10m,egmarin
valenzuela_fh5yr_30m_10m,egmarin
mabalacat_fh5yr_30m_10m,egmarin
macabebe_fh5yr_30m_10m,egmarin
malolos_city_fh5yr_30m_10m,egmarin
marilao_fh5yr_30m_10m,egmarin
masantol_fh5yr_30m_10m,egmarin
mexico_fh5yr_30m_10m,egmarin
meycauayan_city_fh5yr_30m_10m,egmarin
minalin_fh5yr_30m_10m,egmarin
norzagaray_fh5yr_30m_10m,egmarin
obando_fh5yr_30m_10m,egmarin
olongapo_city_fh5yr_30m_10m,egmarin
orani_fh5yr_30m_10m,egmarin
pandi_fh5yr_30m_10m,egmarin
paombong_fh5yr_30m_10m,egmarin
plaridel_fh5yr_30m_10m,egmarin
porac_fh5yr_30m_10m,egmarin
pulilan_fh5yr_30m_10m,egmarin
quezon_city_fh5yr_30m_10m,egmarin
san_fernando_city_fh5yr_30m_10m,egmarin
san_ildefonso_fh5yr_30m_10m,egmarin
san_jose_del_monte_city_fh5yr_30m_10m,egmarin
san_luis_fh5yr_30m_10m,egmarin
san_miguel_fh5yr_30m_10m,egmarin
san_rafael_fh5yr_30m_10m,egmarin
san_simon_fh5yr_30m_10m,egmarin
santa_ana_fh5yr_30m_10m,egmarin
santa_maria_fh5yr_30m_10m_1,egmarin
santa_rita_fh5yr_30m_10m,egmarin
santo_tomas_fh5yr_30m_10m_1,egmarin
sasmuan_fh5yr_30m_10m,egmarin
